cumulative_targets_percent,cumulative_assignments_percent
0.00000000,0.00000000
0.04966913,0.00884775
0.10010239,0.01783162
0.14977152,0.02667937
0.20020479,0.03566324
0.24987392,0.04451099
0.30030718,0.05349486
0.34997631,0.06234261
0.39964544,0.07119036
0.45007871,0.08017423
0.49974783,0.08902198
0.55018110,0.09800585
0.59985023,0.10685360
0.65028350,0.11583747
0.69995262,0.12468522
0.74962175,0.13353297
0.80005502,0.14251684
0.84972415,0.15136460
0.90015741,0.16034847
0.94982654,0.16919622
1.00025981,0.17818009
1.04992893,0.18702784
1.10036220,0.19601171
1.15003133,0.20485946
1.19970046,0.21370721
1.25013372,0.22269108
1.29980285,0.23153883
1.35023612,0.24052270
1.39990525,0.24937045
1.45033851,0.25835432
1.50000764,0.26720207
1.54967677,0.27604982
1.60011004,0.28503369
1.64977916,0.29388144
1.70021243,0.30286531
1.74988156,0.31171306
1.80031483,0.32069693
1.84998395,0.32954468
1.89965308,0.33839243
1.95008635,0.34737630
1.99975548,0.35622405
2.05018874,0.36520792
2.09985787,0.37405567
2.15029114,0.38303954
2.19996026,0.39188729
2.24962939,0.40073504
2.30006266,0.40971891
2.34973179,0.41856666
2.40016505,0.42755053
2.44983418,0.43639828
2.50026745,0.44538215
2.54993658,0.45422991
2.60036984,0.46321378
2.65003897,0.47206153
2.69970810,0.48090928
2.75014137,0.48989315
2.79981049,0.49874090
2.85024376,0.50772477
2.89991289,0.51657252
2.95034616,0.52555639
3.00001528,0.53440414
3.04968441,0.54325189
3.10011768,0.55223576
3.14978680,0.56108351
3.20022007,0.57006738
3.24988920,0.57891513
3.30032247,0.58789900
3.34999159,0.59674675
3.39966072,0.60559450
3.45009399,0.61457837
3.49976312,0.62342612
3.55019638,0.63240999
3.59986551,0.64125774
3.65029878,0.65024161
3.69996791,0.65908936
3.74963703,0.66793711
3.80007030,0.67692098
3.84973943,0.68576873
3.90017270,0.69475260
3.94984182,0.70360035
4.00027509,0.71258422
4.04994422,0.72143197
4.10037749,0.73041584
4.15004661,0.73926359
4.19971574,0.74811135
4.25014901,0.75709522
4.29981813,0.76594297
4.35025140,0.77492684
4.39992053,0.78377459
4.45035380,0.79275846
4.50002292,0.80160621
4.54969205,0.81045396
4.60012532,0.81943783
4.64979445,0.82828558
4.70022771,0.83726945
4.74989684,0.84611720
4.80033011,0.85510107
4.84999924,0.86394882
4.89966836,0.87279657
4.95010163,0.88178044
4.99977076,0.89062819
5.05020403,0.89961206
5.09987315,0.90845981
5.15030642,0.91744368
5.19997555,0.92629143
5.24964467,0.93513918
5.30007794,0.94412305
5.34974707,0.95297080
5.40018034,0.96195467
5.44984946,0.97080242
5.50028273,0.97978629
5.54995186,0.98863404
5.59962099,0.99748179
5.65005425,1.00646566
5.69972338,1.01531341
5.75015665,1.02429728
5.79982578,1.03314504
5.85025904,1.04212890
5.89992817,1.05097666
5.95036144,1.05996053
6.00003057,1.06880828
6.04969969,1.07765603
6.10013296,1.08663990
6.14980209,1.09548765
6.20023536,1.10447152
6.24990448,1.11331927
6.30033775,1.12230314
6.35000688,1.13115089
6.39967600,1.13999864
6.45010927,1.14898251
6.49977840,1.15783026
6.55021167,1.16681413
6.59988079,1.17566188
6.65031406,1.18464575
6.69998319,1.19349350
6.74965232,1.20234125
6.80008558,1.21132512
6.84975471,1.22017287
6.90018798,1.22915674
6.94985711,1.23800449
7.00029037,1.24698836
7.04995950,1.25583611
7.09962863,1.26468386
7.15006190,1.27366773
7.19973102,1.28251548
7.25016429,1.29149935
7.29983342,1.30034710
7.35026669,1.30933097
7.39993581,1.31817872
7.45036908,1.32716259
7.50003821,1.33601035
7.54970733,1.34485810
7.60014060,1.35384197
7.64980973,1.36268972
7.70024300,1.37167359
7.74991212,1.38052134
7.80034539,1.38950521
7.85001452,1.39835296
7.89968365,1.40720071
7.95011691,1.41618458
7.99978604,1.42503233
8.05021931,1.43401620
8.09988844,1.44286395
8.15032170,1.45184782
8.19999083,1.46069557
8.24965996,1.46954332
8.30009323,1.47852719
8.34976235,1.48737494
8.40019562,1.49635881
8.44986475,1.50520656
8.50029801,1.51419043
8.54996714,1.52303818
8.59963627,1.53188593
8.65006954,1.54086980
8.69973866,1.54971755
8.75017193,1.55870142
8.79984106,1.56754917
8.85027433,1.57653304
8.89994345,1.58538079
8.95037672,1.59436466
9.00004585,1.60321241
9.04971498,1.61206016
9.10014824,1.62104403
9.14981737,1.62989179
9.20025064,1.63887566
9.24991977,1.64772341
9.30035303,1.65670728
9.35002216,1.66555503
9.39969129,1.67440278
9.45012455,1.68338665
9.49979368,1.69223440
9.55022695,1.70121827
9.59989608,1.71006602
9.65032934,1.71904989
9.69999847,1.72789764
9.74966760,1.73674539
9.80010087,1.74572926
9.84976999,1.75457701
9.90020326,1.76356088
9.94987239,1.77240863
10.00030566,1.78139250
10.04997478,1.79024025
10.09964391,1.79908800
10.15007718,1.80807187
10.19974631,1.81691962
10.25017957,1.82590349
10.29984870,1.83475124
10.35028197,1.84373511
10.39995110,1.85258286
10.44962022,1.86143061
10.50005349,1.87041448
10.54972262,1.87926223
10.60015588,1.88824610
10.64982501,1.89709385
10.70025828,1.90607772
10.74992741,1.91492547
10.80036067,1.92390934
10.85002980,1.93275710
10.89969893,1.94160485
10.95013220,1.95058872
10.99980132,1.95943647
11.05023459,1.96842034
11.09990372,1.97726809
11.15033699,1.98625196
11.20000611,1.99509971
11.24967524,2.00394746
11.30010851,2.01293133
11.34977764,2.02177908
11.40021090,2.03076295
11.44988003,2.03961070
11.50031330,2.04859457
11.54998242,2.05744232
11.59965155,2.06629007
11.65008482,2.07527394
11.69975395,2.08412169
11.75018721,2.09310556
11.79985634,2.10195331
11.85028961,2.11093718
11.89995874,2.11978493
11.94962786,2.12863268
12.00006113,2.13761655
12.04973026,2.14646430
12.10016353,2.15544817
12.14983265,2.16429592
12.20026592,2.17327979
12.24993505,2.18212754
12.30036832,2.19111141
12.35003744,2.19995916
12.39970657,2.20880691
12.45013984,2.21779078
12.49980896,2.22663854
12.55024223,2.23562241
12.59991136,2.24447016
12.65034463,2.25345403
12.70001375,2.26230178
12.74968288,2.27114953
12.80011615,2.28013340
12.84978528,2.28898115
12.90021854,2.29796502
12.94988767,2.30681277
13.00032094,2.31579664
13.04999007,2.32464439
13.09965919,2.33349214
13.15009246,2.34247601
13.19976159,2.35132376
13.25019486,2.36030763
13.29986398,2.36915538
13.35029725,2.37813925
13.39996638,2.38698700
13.44963551,2.39583475
13.50006877,2.40481862
13.54973790,2.41366637
13.60017117,2.42265024
13.64984029,2.43149799
13.70027356,2.44048186
13.74994269,2.44932961
13.80037596,2.45831348
13.85004508,2.46716123
13.89971421,2.47600898
13.95014748,2.48499285
13.99981661,2.49384060
14.05024987,2.50282447
14.09991900,2.51167222
14.15035227,2.52065609
14.20002140,2.52950385
14.24969052,2.53835160
14.30012379,2.54733547
14.34979292,2.55618322
14.40022619,2.56516709
14.44989531,2.57401484
14.50032858,2.58299871
14.54999771,2.59184646
14.59966683,2.60069421
14.65010010,2.60967808
14.69976923,2.61852583
14.75020250,2.62750970
14.79987162,2.63635745
14.85030489,2.64534132
14.89997402,2.65418907
14.94964315,2.66303682
15.00007641,2.67202069
15.04974554,2.68086844
15.10017881,2.68985231
15.14984794,2.69870006
15.20028120,2.70768393
15.24995033,2.71653168
15.29961946,2.72537943
15.35005273,2.73436330
15.39972185,2.74321105
15.45015512,2.75219492
15.49982425,2.76104267
15.55025752,2.77002654
15.59992664,2.77887429
15.65035991,2.78785816
15.70002904,2.79670591
15.74969816,2.80555367
15.80013143,2.81453753
15.84980056,2.82338529
15.90023383,2.83236916
15.94990295,2.84121691
16.00033622,2.85020078
16.05000535,2.85904853
16.09967448,2.86789628
16.15010774,2.87688015
16.19977687,2.88572790
16.25021014,2.89471177
16.29987927,2.90355952
16.35031253,2.91254339
16.39998166,2.92139114
16.44965079,2.93023889
16.50008406,2.93922276
16.54975318,2.94807051
16.60018645,2.95705438
16.64985558,2.96590213
16.70028885,2.97488600
16.74995797,2.98373375
16.79962710,2.99258150
16.85006037,3.00156537
16.89972949,3.01041312
16.95016276,3.01939699
16.99983189,3.02824474
17.05026516,3.03722861
17.09993428,3.04607636
17.15036755,3.05506023
17.20003668,3.06390798
17.24970581,3.07275573
17.30013907,3.08173960
17.34980820,3.09058735
17.40024147,3.09957122
17.44991060,3.10841898
17.50034386,3.11740284
17.55001299,3.12625060
17.59968212,3.13509835
17.65011539,3.14408222
17.69978451,3.15292997
17.75021778,3.16191384
17.79988691,3.17076159
17.85032017,3.17974546
17.89998930,3.18859321
17.94965843,3.19744096
18.00009170,3.20642483
18.04976082,3.21527258
18.10019409,3.22425645
18.14986322,3.23310420
18.20029649,3.24208807
18.24996561,3.25093582
18.29963474,3.25978357
18.35006801,3.26876744
18.39973714,3.27761519
18.45017040,3.28659906
18.49983953,3.29544681
18.55027280,3.30443068
18.59994193,3.31327843
18.65037519,3.32226230
18.70004432,3.33111005
18.74971345,3.33995780
18.80014671,3.34894167
18.84981584,3.35778942
18.90024911,3.36677329
18.94991824,3.37562104
19.00035150,3.38460491
19.05002063,3.39345266
19.09968976,3.40230042
19.15012303,3.41128429
19.19979215,3.42013204
19.25022542,3.42911591
19.29989455,3.43796366
19.35032782,3.44694753
19.39999694,3.45579528
19.44966607,3.46464303
19.50009934,3.47362690
19.54976847,3.48247465
19.60020173,3.49145852
19.64987086,3.50030627
19.70030413,3.50929014
19.74997326,3.51813789
19.79964238,3.52698564
19.85007565,3.53596951
19.89974478,3.54481726
19.95017804,3.55380113
19.99984717,3.56264888
20.05028044,3.57163275
20.09994957,3.58048050
20.14961869,3.58932825
20.20005196,3.59831212
20.24972109,3.60715987
20.30015436,3.61614374
20.34982348,3.62499149
20.40025675,3.63397536
20.44992588,3.64282311
20.50035915,3.65180698
20.55002827,3.66065473
20.59969740,3.66950248
20.65013067,3.67848635
20.69979980,3.68733410
20.75023306,3.69631797
20.79990219,3.70516573
20.85033546,3.71414960
20.90000458,3.72299735
20.94967371,3.73184510
21.00010698,3.74082897
21.04977611,3.74967672
21.10020937,3.75866059
21.14987850,3.76750834
21.20031177,3.77649221
21.24998090,3.78533996
21.29965002,3.79418771
21.35008329,3.80317158
21.39975242,3.81201933
21.45018569,3.82100320
21.49985481,3.82985095
21.55028808,3.83883482
21.59995721,3.84768257
21.64962634,3.85653032
21.70005960,3.86551419
21.74972873,3.87436194
21.80016200,3.88334581
21.84983112,3.89219356
21.90026439,3.90117743
21.94993352,3.91002518
22.00036679,3.91900905
22.05003591,3.92785680
22.09970504,3.93670455
22.15013831,3.94568842
22.19980744,3.95453617
22.25024070,3.96352004
22.29990983,3.97236779
22.35034310,3.98135166
22.40001223,3.99019941
22.44968135,3.99904717
22.50011462,4.00803104
22.54978375,4.01687879
22.60021702,4.02586266
22.64988614,4.03471041
22.70031941,4.04369428
22.74998854,4.05254203
22.79965767,4.06138978
22.85009093,4.07037365
22.89976006,4.07922140
22.95019333,4.08820527
22.99986245,4.09705302
23.05029572,4.10603689
23.09996485,4.11488464
23.14963398,4.12373239
23.20006724,4.13271626
23.24973637,4.14156401
23.30016964,4.15054788
23.34983877,4.15939563
23.40027203,4.16837950
23.44994116,4.17722725
23.50037443,4.18621112
23.55004356,4.19505887
23.59971268,4.20390662
23.65014595,4.21289049
23.69981508,4.22173824
23.75024835,4.23072211
23.79991747,4.23956986
23.85035074,4.24855373
23.90001987,4.25740148
23.94968899,4.26624923
24.00012226,4.27523310
24.04979139,4.28408085
24.10022466,4.29306472
24.14989378,4.30191248
24.20032705,4.31089635
24.24999618,4.31974410
24.29966531,4.32859185
24.35009857,4.33757572
24.39976770,4.34642347
24.45020097,4.35540734
24.49987010,4.36425509
24.55030336,4.37323896
24.59997249,4.38208671
24.64964162,4.39093446
24.70007489,4.39991833
24.74974401,4.40876608
24.80017728,4.41774995
24.84984641,4.42659770
24.90027968,4.43558157
24.94994880,4.44442932
25.00038207,4.45341319
25.05005120,4.46226094
25.09972032,4.47110869
25.15015359,4.48009256
25.19982272,4.48894031
25.25025599,4.49792418
25.29992511,4.50677193
25.35035838,4.51575580
25.40002751,4.52460355
25.44969664,4.53345130
25.50012990,4.54243517
25.54979903,4.55128292
25.60023230,4.56026679
25.64990143,4.56911454
25.70033469,4.57809841
25.75000382,4.58694616
25.79967295,4.59579392
25.85010622,4.60477779
25.89977534,4.61362554
25.95020861,4.62260941
25.99987774,4.63145716
26.05031101,4.64044103
26.09998013,4.64928878
26.14964926,4.65813653
26.20008253,4.66712040
26.24975165,4.67596815
26.30018492,4.68495202
26.34985405,4.69379977
26.40028732,4.70278364
26.44995644,4.71163139
26.49962557,4.72047914
26.55005884,4.72946301
26.59972797,4.73831076
26.65016123,4.74729463
26.69983036,4.75614238
26.75026363,4.76512625
26.79993276,4.77397400
26.85036602,4.78295787
26.90003515,4.79180562
26.94970428,4.80065337
27.00013755,4.80963724
27.04980667,4.81848499
27.10023994,4.82746886
27.14990907,4.83631661
27.20034233,4.84530048
27.25001146,4.85414823
27.29968059,4.86299598
27.35011386,4.87197985
27.39978298,4.88082760
27.45021625,4.88981147
27.49988538,4.89865923
27.55031865,4.90764310
27.59998777,4.91649085
27.64965690,4.92533860
27.70009017,4.93432247
27.74975930,4.94317022
27.80019256,4.95215409
27.84986169,4.96100184
27.90029496,4.96998571
27.94996409,4.97883346
27.99963321,4.98768121
28.05006648,4.99666508
28.09973561,5.00551283
28.15016888,5.01449670
28.19983800,5.02334445
28.25027127,5.03232832
28.29994040,5.04117607
28.35037366,5.05015994
28.40004279,5.05900769
28.44971192,5.06785544
28.50014519,5.07683931
28.54981431,5.08568706
28.60024758,5.09467093
28.64991671,5.10351868
28.70034998,5.11250255
28.75001910,5.12135030
28.79968823,5.13019805
28.85012150,5.13918192
28.89979063,5.14802967
28.95022389,5.15701354
28.99989302,5.16586129
29.05032629,5.17484516
29.09999542,5.18369291
29.14966454,5.19254067
29.20009781,5.20152454
29.24976694,5.21037229
29.30020020,5.21935616
29.34986933,5.22820391
29.40030260,5.23718778
29.44997173,5.24603553
29.49964085,5.25488328
29.55007412,5.26386715
29.59974325,5.27271490
29.65017652,5.28169877
29.69984564,5.29054652
29.75027891,5.29953039
29.79994804,5.30837814
29.85038131,5.31736201
29.90005043,5.32620976
29.94971956,5.33505751
30.00015283,5.34404138
30.04982196,5.35288913
30.10025522,5.36187300
30.14992435,5.37072075
30.20035762,5.37970462
30.25002674,5.38855237
30.29969587,5.39740012
30.35012914,5.40638399
30.39979827,5.41523174
30.45023153,5.42421561
30.49990066,5.43306336
30.55033393,5.44204723
30.60000306,5.45089498
30.64967218,5.45974273
30.70010545,5.46872660
30.74977458,5.47757436
30.80020785,5.48655823
30.84987697,5.49540598
30.90031024,5.50438985
30.94997937,5.51323760
30.99964850,5.52208535
31.05008176,5.53106922
31.09975089,5.53991697
31.15018416,5.54890084
31.19985329,5.55774859
31.25028655,5.56673246
31.29995568,5.57558021
31.34962481,5.58442796
31.40005807,5.59341183
31.44972720,5.60225958
31.50016047,5.61124345
31.54982960,5.62009120
31.60026286,5.62907507
31.64993199,5.63792282
31.70036526,5.64690669
31.75003439,5.65575444
31.79970351,5.66460219
31.85013678,5.67358606
31.89980591,5.68243381
31.95023918,5.69141768
31.99990830,5.70026543
32.05034157,5.70924930
32.10001070,5.71809705
32.14967983,5.72694480
32.20011309,5.73592867
32.24978222,5.74477642
32.30021549,5.75376029
32.34988461,5.76260804
32.40031788,5.77159191
32.44998701,5.78043967
32.49965614,5.78928742
32.55008940,5.79827129
32.59975853,5.80711904
32.65019180,5.81610291
32.69986093,5.82495066
32.75029419,5.83393453
32.79996332,5.84278228
32.84963245,5.85163003
32.90006572,5.86061390
32.94973484,5.86946165
33.00016811,5.87844552
33.04983724,5.88729327
33.10027051,5.89627714
33.14993963,5.90512489
33.20037290,5.91410876
33.25004203,5.92295651
33.29971115,5.93180426
33.35014442,5.94078813
33.39981355,5.94963588
33.45024682,5.95861975
33.49991594,5.96746750
33.55034921,5.97645137
33.60001834,5.98529912
33.64968747,5.99414687
33.70012073,6.00313074
33.74978986,6.01197849
33.80022313,6.02096236
33.84989226,6.02981011
33.90032552,6.03879398
33.94999465,6.04764173
33.99966378,6.05648948
34.05009705,6.06547335
34.09976617,6.07432111
34.15019944,6.08330498
34.19986857,6.09215273
34.25030184,6.10113660
34.29997096,6.10998435
34.34964009,6.11883210
34.40007336,6.12781597
34.44974248,6.13666372
34.50017575,6.14564759
34.54984488,6.15449534
34.60027815,6.16347921
34.64994727,6.17232696
34.70038054,6.18131083
34.75004967,6.19015858
34.79971880,6.19900633
34.85015206,6.20799020
34.89982119,6.21683795
34.95025446,6.22582182
34.99992359,6.23466957
35.05035685,6.24365344
35.10002598,6.25250119
35.14969511,6.26134894
35.20012838,6.27033281
35.24979750,6.27918056
35.30023077,6.28816443
35.34989990,6.29701218
35.40033317,6.30599605
35.45000229,6.31484380
35.49967142,6.32369155
35.55010469,6.33267542
35.59977381,6.34152317
35.65020708,6.35050704
35.69987621,6.35935479
35.75030948,6.36833866
35.79997860,6.37718642
35.84964773,6.38603417
35.90008100,6.39501804
35.94975013,6.40386579
36.00018339,6.41284966
36.04985252,6.42169741
36.10028579,6.43068128
36.14995492,6.43952903
36.19962404,6.44837678
36.25005731,6.45736065
36.29972644,6.46620840
36.35015971,6.47519227
36.39982883,6.48404002
36.45026210,6.49302389
36.49993123,6.50187164
36.55036449,6.51085551
36.60003362,6.51970326
36.64970275,6.52855101
36.70013602,6.53753488
36.74980514,6.54638263
36.80023841,6.55536650
36.84990754,6.56421425
36.90034081,6.57319812
36.95000993,6.58204587
36.99967906,6.59089362
37.05011233,6.59987749
37.09978146,6.60872524
37.15021472,6.61770911
37.19988385,6.62655686
37.25031712,6.63554073
37.29998625,6.64438848
37.34965537,6.65323623
37.40008864,6.66222010
37.44975777,6.67106786
37.50019104,6.68005173
37.54986016,6.68889948
37.60029343,6.69788335
37.64996256,6.70673110
37.69963168,6.71557885
37.75006495,6.72456272
37.79973408,6.73341047
37.85016735,6.74239434
37.89983647,6.75124209
37.95026974,6.76022596
37.99993887,6.76907371
38.05037214,6.77805758
38.10004126,6.78690533
38.14971039,6.79575308
38.20014366,6.80473695
38.24981279,6.81358470
38.30024605,6.82256857
38.34991518,6.83141632
38.40034845,6.84040019
38.45001758,6.84924794
38.49968670,6.85809569
38.55011997,6.86707956
38.59978910,6.87592731
38.65022236,6.88491118
38.69989149,6.89375893
38.75032476,6.90274280
38.79999389,6.91159055
38.84966301,6.92043830
38.90009628,6.92942217
38.94976541,6.93826992
39.00019868,6.94725379
39.04986780,6.95610154
39.10030107,6.96508541
39.14997020,6.97393317
39.19963933,6.98278092
39.25007259,6.99176479
39.29974172,7.00061254
39.35017499,7.00959641
39.39984412,7.01844416
39.45027738,7.02742803
39.49994651,7.03627578
39.55037978,7.04525965
39.60004890,7.05410740
39.64971803,7.06295515
39.70015130,7.07193902
39.74982043,7.08078677
39.80025369,7.08977064
39.84992282,7.09861839
39.90035609,7.10760226
39.95002522,7.11645001
39.99969434,7.12529776
40.05012761,7.13428163
40.09979674,7.14312938
40.15023001,7.15211325
40.19989913,7.16096100
40.25033240,7.16994487
40.30000153,7.17879262
40.34967066,7.18764037
40.40010392,7.19662424
40.44977305,7.20547199
40.50020632,7.21445586
40.54987545,7.22330361
40.60030871,7.23228748
40.64997784,7.24113523
40.69964697,7.24998299
40.75008023,7.25896685
40.79974936,7.26781461
40.85018263,7.27679848
40.89985176,7.28564623
40.95028502,7.29463010
40.99995415,7.30347785
41.04962328,7.31232560
41.10005655,7.32130947
41.14972567,7.33015722
41.20015894,7.33914109
41.24982807,7.34798884
41.30026134,7.35697271
41.34993046,7.36582046
41.40036373,7.37480433
41.45003286,7.38365208
41.49970199,7.39249983
41.55013525,7.40148370
41.59980438,7.41033145
41.65023765,7.41931532
41.69990677,7.42816307
41.75034004,7.43714694
41.80000917,7.44599469
41.84967830,7.45484244
41.90011156,7.46382631
41.94978069,7.47267406
42.00021396,7.48165793
42.04988309,7.49050568
42.10031635,7.49948955
42.14998548,7.50833730
42.19965461,7.51718505
42.25008788,7.52616892
42.29975700,7.53501667
42.35019027,7.54400054
42.39985940,7.55284830
42.45029267,7.56183216
42.49996179,7.57067992
42.54963092,7.57952767
42.60006419,7.58851154
42.64973331,7.59735929
42.70016658,7.60634316
42.74983571,7.61519091
42.80026898,7.62417478
42.84993810,7.63302253
42.90037137,7.64200640
42.95004050,7.65085415
42.99970963,7.65970190
43.05014289,7.66868577
43.09981202,7.67753352
43.15024529,7.68651739
43.19991442,7.69536514
43.25034768,7.70434901
43.30001681,7.71319676
43.34968594,7.72204451
43.40011921,7.73102838
43.44978833,7.73987613
43.50022160,7.74886000
43.54989073,7.75770775
43.60032400,7.76669162
43.64999312,7.77553937
43.69966225,7.78438712
43.75009552,7.79337099
43.79976464,7.80221874
43.85019791,7.81120261
43.89986704,7.82005036
43.95030031,7.82903423
43.99996943,7.83788198
44.04963856,7.84672974
44.10007183,7.85571361
44.14974096,7.86456136
44.20017422,7.87354523
44.24984335,7.88239298
44.30027662,7.89137685
44.34994575,7.90022460
44.40037901,7.90920847
44.45004814,7.91805622
44.49971727,7.92690397
44.55015054,7.93588784
44.59981966,7.94473559
44.65025293,7.95371946
44.69992206,7.96256721
44.75035533,7.97155108
44.80002445,7.98039883
44.84969358,7.98924658
44.90012685,7.99823045
44.94979597,8.00707820
45.00022924,8.01606207
45.04989837,8.02490982
45.10033164,8.03389369
45.15000076,8.04274144
45.19966989,8.05158919
45.25010316,8.06057306
45.29977229,8.06942081
45.35020555,8.07840468
45.39987468,8.08725243
45.45030795,8.09623630
45.49997708,8.10508405
45.54964620,8.11393180
45.60007947,8.12291567
45.64974860,8.13176342
45.70018187,8.14074729
45.74985099,8.14959505
45.80028426,8.15857892
45.84995339,8.16742667
45.89962251,8.17627442
45.95005578,8.18525829
45.99972491,8.19410604
46.05015818,8.20308991
46.09982730,8.21193766
46.15026057,8.22092153
46.19992970,8.22976928
46.25036297,8.23875315
46.30003209,8.24760090
46.34970122,8.25644865
46.40013449,8.26543252
46.44980362,8.27428027
46.50023688,8.28326414
46.54990601,8.29211189
46.60033928,8.30109576
46.65000841,8.30994351
46.69967753,8.31879126
46.75011080,8.32777513
46.79977993,8.33662288
46.85021320,8.34560675
46.89988232,8.35445450
46.95031559,8.36343837
46.99998472,8.37228612
47.04965384,8.38113387
47.10008711,8.39011774
47.14975624,8.39896549
47.20018951,8.40794936
47.24985863,8.41679711
47.30029190,8.42578098
47.34996103,8.43462873
47.39963016,8.44347649
47.45006342,8.45246036
47.49973255,8.46130811
47.55016582,8.47029198
47.59983495,8.47913973
47.65026821,8.48812360
47.69993734,8.49697135
47.75037061,8.50595522
47.80003974,8.51480297
47.84970886,8.52365072
47.90014213,8.53263459
47.94981126,8.54148234
48.00024452,8.55046621
48.04991365,8.55931396
48.10034692,8.56829783
48.15001605,8.57714558
48.19968517,8.58599333
48.25011844,8.59497720
48.29978757,8.60382495
48.35022084,8.61280882
48.39988996,8.62165657
48.45032323,8.63064044
48.49999236,8.63948819
48.54966149,8.64833594
48.60009475,8.65731981
48.64976388,8.66616756
48.70019715,8.67515143
48.74986628,8.68399918
48.80029954,8.69298305
48.84996867,8.70183080
48.89963780,8.71067855
48.95007107,8.71966242
48.99974019,8.72851017
49.05017346,8.73749404
49.09984259,8.74634180
49.15027585,8.75532567
49.19994498,8.76417342
49.25037825,8.77315729
49.30004738,8.78200504
49.34971650,8.79085279
49.40014977,8.79983666
49.44981890,8.80868441
49.50025217,8.81766828
49.54992129,8.82651603
49.60035456,8.83549990
49.65002369,8.84434765
49.69969282,8.85319540
49.75012608,8.86217927
49.79979521,8.87102702
49.85022848,8.88001089
49.89989761,8.88885864
49.95033087,8.89784251
50.00000000,8.90669026
50.04966913,8.91553801
50.10010239,8.92452188
50.14977152,8.93336963
50.20020479,8.94235350
50.24987392,8.95120125
50.30030718,8.96018512
50.34997631,8.96903287
50.39964544,8.97788062
50.45007871,8.98686449
50.49974783,8.99571224
50.55018110,9.00469611
50.59985023,9.01354386
50.65028350,9.02252773
50.69995262,9.03137548
50.74962175,9.04022324
50.80005502,9.04920711
50.84972415,9.05805486
50.90015741,9.06703873
50.94982654,9.07588648
51.00025981,9.08487035
51.04992893,9.09371810
51.10036220,9.10270197
51.15003133,9.11154972
51.19970046,9.12039747
51.25013372,9.12938134
51.29980285,9.13822909
51.35023612,9.14721296
51.39990525,9.15606071
51.45033851,9.16504458
51.50000764,9.17389233
51.54967677,9.18274008
51.60011004,9.19172395
51.64977916,9.20057170
51.70021243,9.20955557
51.74988156,9.21840332
51.80031483,9.22738719
51.84998395,9.23623494
51.89965308,9.24508269
51.95008635,9.25406656
51.99975548,9.26291431
52.05018874,9.27189818
52.09985787,9.28074593
52.15029114,9.28972980
52.19996026,9.29857755
52.24962939,9.30742530
52.30006266,9.31640917
52.34973179,9.32525693
52.40016505,9.33424079
52.44983418,9.34308855
52.50026745,9.35207242
52.54993658,9.36092017
52.60036984,9.36990404
52.65003897,9.37875179
52.69970810,9.38759954
52.75014137,9.39658341
52.79981049,9.40543116
52.85024376,9.41441503
52.89991289,9.42326278
52.95034616,9.43224665
53.00001528,9.44109440
53.04968441,9.44994215
53.10011768,9.45892602
53.14978680,9.46777377
53.20022007,9.47675764
53.24988920,9.48560539
53.30032247,9.49458926
53.34999159,9.50343701
53.39966072,9.51228476
53.45009399,9.52126863
53.49976312,9.53011638
53.55019638,9.53910025
53.59986551,9.54794800
53.65029878,9.55693187
53.69996791,9.56577962
53.74963703,9.57462737
53.80007030,9.58361124
53.84973943,9.59245899
53.90017270,9.60144286
53.94984182,9.61029061
54.00027509,9.61927448
54.04994422,9.62812224
54.10037749,9.63710610
54.15004661,9.64595386
54.19971574,9.65480161
54.25014901,9.66378548
54.29981813,9.67263323
54.35025140,9.68161710
54.39992053,9.69046485
54.45035380,9.69944872
54.50002292,9.70829647
54.54969205,9.71714422
54.60012532,9.72612809
54.64979445,9.73497584
54.70022771,9.74395971
54.74989684,9.75280746
54.80033011,9.76179133
54.84999924,9.77063908
54.89966836,9.77948683
54.95010163,9.78847070
54.99977076,9.79731845
55.05020403,9.80630232
55.09987315,9.81515007
55.15030642,9.82413394
55.19997555,9.83298169
55.24964467,9.84182944
55.30007794,9.85081331
55.34974707,9.85966106
55.40018034,9.86864493
55.44984946,9.87749268
55.50028273,9.88647655
55.54995186,9.89532430
55.59962099,9.90417205
55.65005425,9.91315592
55.69972338,9.92200368
55.75015665,9.93098755
55.79982578,9.93983530
55.85025904,9.94881917
55.89992817,9.95766692
55.95036144,9.96665079
56.00003057,9.97549854
56.04969969,9.98434629
56.10013296,9.99333016
56.14980209,10.00217791
56.20023536,10.01116178
56.24990448,10.02000953
56.30033775,10.02899340
56.35000688,10.03784115
56.39967600,10.04668890
56.45010927,10.05567277
56.49977840,10.06452052
56.55021167,10.07350439
56.59988079,10.08235214
56.65031406,10.09133601
56.69998319,10.10018376
56.74965232,10.10903151
56.80008558,10.11801538
56.84975471,10.12686313
56.90018798,10.13584700
56.94985711,10.14469475
57.00029037,10.15367862
57.04995950,10.16252637
57.09962863,10.17137412
57.15006190,10.18035799
57.19973102,10.18920574
57.25016429,10.19818961
57.29983342,10.20703736
57.35026669,10.21602123
57.39993581,10.22486899
57.45036908,10.23385286
57.50003821,10.24270061
57.54970733,10.25154836
57.60014060,10.26053223
57.64980973,10.26937998
57.70024300,10.27836385
57.74991212,10.28721160
57.80034539,10.29619547
57.85001452,10.30504322
57.89968365,10.31389097
57.95011691,10.32287484
57.99978604,10.33172259
58.05021931,10.34070646
58.09988844,10.34955421
58.15032170,10.35853808
58.19999083,10.37038045
58.24965996,10.38807595
58.30009323,10.40604369
58.34976235,10.42373920
58.40019562,10.44170694
58.44986475,10.45940244
58.50029801,10.47737018
58.54996714,10.49506568
58.59963627,10.51276118
58.65006954,10.53072892
58.69973866,10.54842442
58.75017193,10.56639216
58.79984106,10.58408766
58.85027433,10.60205540
58.89994345,10.61975090
58.95037672,10.63771864
59.00004585,10.65541414
59.04971498,10.67310964
59.10014824,10.69107738
59.14981737,10.70877289
59.20025064,10.72674062
59.24991977,10.74443613
59.30035303,10.76240387
59.35002216,10.78009937
59.39969129,10.79779487
59.45012455,10.81576261
59.49979368,10.83345811
59.55022695,10.85142585
59.59989608,10.86912135
59.65032934,10.88708909
59.69999847,10.90478459
59.74966760,10.92248009
59.80010087,10.94044783
59.84976999,10.95814333
59.90020326,10.97611107
59.94987239,10.99380657
60.00030566,11.01177431
60.04997478,11.02946982
60.09964391,11.04716532
60.15007718,11.06513306
60.19974631,11.08282856
60.25017957,11.10079630
60.29984870,11.11849180
60.35028197,11.13645954
60.39995110,11.15415504
60.44962022,11.17185054
60.50005349,11.18981828
60.54972262,11.20751378
60.60015588,11.22548152
60.64982501,11.24317702
60.70025828,11.26114476
60.74992741,11.27884026
60.80036067,11.29680800
60.85002980,11.31450351
60.89969893,11.33219901
60.95013220,11.35016675
60.99980132,11.36786225
61.05023459,11.38582999
61.09990372,11.40352549
61.15033699,11.42149323
61.20000611,11.43918873
61.24967524,11.45688423
61.30010851,11.47485197
61.34977764,11.49254747
61.40021090,11.51051521
61.44988003,11.52821071
61.50031330,11.54617845
61.54998242,11.56387395
61.59965155,11.58156945
61.65008482,11.59953719
61.69975395,11.61723270
61.75018721,11.63520044
61.79985634,11.65289594
61.85028961,11.67086368
61.89995874,11.68855918
61.94962786,11.70625468
62.00006113,11.72422242
62.04973026,11.74191792
62.10016353,11.75988566
62.14983265,11.77758116
62.20026592,11.79554890
62.24993505,11.81324440
62.30036832,11.83121214
62.35003744,11.84890764
62.39970657,11.86660314
62.45013984,11.88457088
62.49980896,11.90226639
62.55024223,11.92023413
62.59991136,11.93792963
62.65034463,11.95589737
62.70001375,11.97359287
62.74968288,11.99128837
62.80011615,12.00925611
62.84978528,12.02695161
62.90021854,12.04491935
62.94988767,12.06261485
63.00032094,12.08058259
63.04999007,12.09827809
63.09965919,12.11597359
63.15009246,12.13394133
63.19976159,12.15163683
63.25019486,12.16960457
63.29986398,12.18730007
63.35029725,12.20526781
63.39996638,12.22296332
63.44963551,12.24065882
63.50006877,12.25862656
63.54973790,12.27632206
63.60017117,12.29428980
63.64984029,12.31198530
63.70027356,12.32995304
63.74994269,12.34764854
63.80037596,12.36561628
63.85004508,12.38331178
63.89971421,12.40100728
63.95014748,12.41897502
63.99981661,12.43667052
64.05024987,12.45463826
64.09991900,12.47233376
64.15035227,12.49030150
64.20002140,12.50799701
64.24969052,12.52569251
64.30012379,12.54366025
64.34979292,12.56135575
64.40022619,12.57932349
64.44989531,12.59701899
64.50032858,12.61498673
64.54999771,12.63268223
64.59966683,12.65037773
64.65010010,12.66834547
64.69976923,12.68604097
64.75020250,12.70400871
64.79987162,12.72170421
64.85030489,12.73967195
64.89997402,12.75736745
64.94964315,12.77506296
65.00007641,12.79303069
65.04974554,12.81072620
65.10017881,12.82869394
65.14984794,12.84638944
65.20028120,12.86435718
65.24995033,12.88205268
65.29961946,12.89974818
65.35005273,12.91771592
65.39972185,12.93541142
65.45015512,12.95337916
65.49982425,12.97107466
65.55025752,12.98904240
65.59992664,13.00673790
65.65035991,13.02470564
65.70002904,13.04240114
65.74969816,13.06009664
65.80013143,13.07806438
65.84980056,13.09575989
65.90023383,13.11372763
65.94990295,13.13142313
66.00033622,13.14939087
66.05000535,13.16708637
66.09967448,13.18478187
66.15010774,13.20274961
66.19977687,13.22044511
66.25021014,13.23841285
66.29987927,13.25610835
66.35031253,13.27407609
66.39998166,13.29177159
66.44965079,13.30946709
66.50008406,13.32743483
66.54975318,13.34513033
66.60018645,13.36309807
66.64985558,13.38079358
66.70028885,13.39876131
66.74995797,13.41645682
66.79962710,13.43415232
66.85006037,13.45212006
66.89972949,13.46981556
66.95016276,13.48778330
66.99983189,13.50547880
67.05026516,13.52344654
67.09993428,13.54114204
67.15036755,13.55910978
67.20003668,13.57680528
67.24970581,13.59450078
67.30013907,13.61246852
67.34980820,13.63016402
67.40024147,13.64813176
67.44991060,13.66582726
67.50034386,13.68379500
67.55001299,13.70149051
67.59968212,13.71918601
67.65011539,13.73715375
67.69978451,13.75484925
67.75021778,13.77281699
67.79988691,13.79051249
67.85032017,13.80848023
67.89998930,13.82617573
67.94965843,13.84387123
68.00009170,13.86183897
68.04976082,13.87953447
68.10019409,13.89750221
68.14986322,13.91519771
68.20029649,13.93316545
68.24996561,13.95086095
68.29963474,13.96855646
68.35006801,13.98652420
68.39973714,14.00421970
68.45017040,14.02218744
68.49983953,14.03988294
68.55027280,14.05785068
68.59994193,14.07554618
68.65037519,14.09351392
68.70004432,14.11120942
68.74971345,14.12890492
68.80014671,14.14687266
68.84981584,14.16456816
68.90024911,14.18253590
68.94991824,14.20023140
69.00035150,14.21819914
69.05002063,14.23589464
69.09968976,14.25359014
69.15012303,14.27155788
69.19979215,14.28925339
69.25022542,14.30722113
69.29989455,14.32491663
69.35032782,14.34288437
69.39999694,14.36057987
69.44966607,14.37827537
69.50009934,14.39624311
69.54976847,14.41393861
69.60020173,14.43190635
69.64987086,14.44960185
69.70030413,14.46756959
69.74997326,14.48526509
69.79964238,14.50296059
69.85007565,14.52092833
69.89974478,14.53862383
69.95017804,14.55659157
69.99984717,14.57428708
70.05028044,14.59225482
70.09994957,14.60995032
70.14961869,14.62764582
70.20005196,14.64561356
70.24972109,14.66330906
70.30015436,14.68127680
70.34982348,14.69897230
70.40025675,14.71694004
70.44992588,14.73463554
70.50035915,14.75260328
70.55002827,14.77029878
70.59969740,14.78799428
70.65013067,14.80596202
70.69979980,14.82365752
70.75023306,14.84162526
70.79990219,14.85932076
70.85033546,14.87728850
70.90000458,14.89498401
70.94967371,14.91267951
71.00010698,14.93064725
71.04977611,14.94834275
71.10020937,14.96631049
71.14987850,14.98400599
71.20031177,15.00197373
71.24998090,15.01966923
71.29965002,15.03736473
71.35008329,15.05533247
71.39975242,15.07302797
71.45018569,15.09099571
71.49985481,15.10869121
71.55028808,15.12665895
71.59995721,15.14435445
71.64962634,15.16204996
71.70005960,15.18001770
71.74972873,15.19771320
71.80016200,15.21568094
71.84983112,15.23337644
71.90026439,15.25134418
71.94993352,15.26903968
72.00036679,15.28700742
72.05003591,15.30470292
72.09970504,15.32239842
72.15013831,15.34036616
72.19980744,15.35806166
72.25024070,15.37602940
72.29990983,15.39372490
72.35034310,15.41169264
72.40001223,15.42938814
72.44968135,15.44708365
72.50011462,15.46505139
72.54978375,15.48274689
72.60021702,15.50071463
72.64988614,15.51841013
72.70031941,15.53637787
72.74998854,15.55407337
72.79965767,15.57176887
72.85009093,15.58973661
72.89976006,15.60743211
72.95019333,15.62539985
72.99986245,15.64309535
73.05029572,15.66106309
73.09996485,15.67875859
73.14963398,15.69645409
73.20006724,15.71442183
73.24973637,15.73211733
73.30016964,15.75008507
73.34983877,15.76778058
73.40027203,15.78574832
73.44994116,15.80344382
73.50037443,15.82141156
73.55004356,15.83910706
73.59971268,15.85680256
73.65014595,15.87477030
73.69981508,15.89246580
73.75024835,15.91043354
73.79991747,15.92812904
73.85035074,15.94609678
73.90001987,15.96379228
73.94968899,15.98148778
74.00012226,15.99945552
74.04979139,16.01715102
74.10022466,16.03511876
74.14989378,16.05281427
74.20032705,16.07078201
74.24999618,16.08847751
74.29966531,16.10617301
74.35009857,16.12414075
74.39976770,16.14183625
74.45020097,16.15980399
74.49987010,16.17749949
74.55030336,16.19546723
74.59997249,16.21316273
74.64964162,16.23085823
74.70007489,16.24882597
74.74974401,16.26652147
74.80017728,16.28448921
74.84984641,16.30218471
74.90027968,16.32015245
74.94994880,16.33784795
75.00038207,16.35581569
75.05005120,16.37351120
75.09972032,16.39120670
75.15015359,16.40917444
75.19982272,16.42795889
75.25025599,16.45491050
75.29992511,16.48145375
75.35035838,16.50840536
75.40002751,16.53494861
75.44969664,16.56149187
75.50012990,16.58844348
75.54979903,16.61498673
75.60023230,16.64193834
75.64990143,16.66848159
75.70033469,16.69543320
75.75000382,16.72197645
75.79967295,16.74851970
75.85010622,16.77547131
75.89977534,16.80201456
75.95020861,16.82896617
75.99987774,16.85550943
76.05031101,16.88246104
76.09998013,16.90900429
76.14964926,16.93554754
76.20008253,16.96249915
76.24975165,16.98904240
76.30018492,17.01599401
76.34985405,17.04253726
76.40028732,17.06948887
76.44995644,17.09603212
76.49962557,17.12257538
76.55005884,17.14952699
76.59972797,17.17607024
76.65016123,17.20302185
76.69983036,17.22956510
76.75026363,17.25651671
76.79993276,17.28305996
76.85036602,17.31001157
76.90003515,17.33655482
76.94970428,17.36309807
77.00013755,17.39004968
77.04980667,17.41659294
77.10023994,17.44354455
77.14990907,17.47008780
77.20034233,17.49703941
77.25001146,17.52358266
77.29968059,17.55012591
77.35011386,17.57707752
77.39978298,17.60362077
77.45021625,17.63057238
77.49988538,17.65711563
77.55031865,17.68406724
77.59998777,17.71061049
77.64965690,17.73715375
77.70009017,17.76410536
77.74975930,17.79064861
77.80019256,17.81760022
77.84986169,17.84414347
77.90029496,17.87109508
77.94996409,17.89763833
77.99963321,17.92418158
78.05006648,17.95113319
78.09973561,17.97767644
78.15016888,18.00462805
78.19983800,18.03117131
78.25027127,18.05812292
78.29994040,18.08466617
78.35037366,18.11161778
78.40004279,18.13816103
78.44971192,18.16470428
78.50014519,18.19165589
78.54981431,18.21819914
78.60024758,18.24515075
78.64991671,18.27169400
78.70034998,18.29864561
78.75001910,18.32518887
78.79968823,18.35173212
78.85012150,18.37868373
78.89979063,18.40522698
78.95022389,18.43217859
78.99989302,18.45872184
79.05032629,18.48567345
79.09999542,18.51221670
79.14966454,18.53875995
79.20009781,18.56571156
79.24976694,18.59225482
79.30020020,18.61920642
79.34986933,18.64574968
79.40030260,18.67270129
79.44997173,18.69924454
79.49964085,18.72578779
79.55007412,18.75273940
79.59974325,18.77928265
79.65017652,18.80623426
79.69984564,18.83277751
79.75027891,18.85972912
79.79994804,18.88627237
79.85038131,18.91322398
79.90005043,18.93976724
79.94971956,18.96631049
80.00015283,18.99326210
80.04982196,19.01980535
80.10025522,19.04675696
80.14992435,19.07330021
80.20035762,19.10025182
80.25002674,19.12679507
80.29969587,19.15333832
80.35012914,19.18028993
80.39979827,19.20683319
80.45023153,19.23378480
80.49990066,19.26032805
80.55033393,19.28727966
80.60000306,19.31382291
80.64967218,19.34036616
80.70010545,19.36731777
80.74977458,19.39386102
80.80020785,19.42081263
80.84987697,19.44735588
80.90031024,19.47430749
80.94997937,19.50085075
80.99964850,19.52739400
81.05008176,19.55434561
81.09975089,19.58088886
81.15018416,19.60784047
81.19985329,19.63438372
81.25028655,19.66133533
81.29995568,19.68787858
81.34962481,19.71442183
81.40005807,19.74137344
81.44972720,19.76791670
81.50016047,19.79486830
81.54982960,19.82141156
81.60026286,19.84836317
81.64993199,19.87490642
81.70036526,19.90185803
81.75003439,19.92840128
81.79970351,19.95494453
81.85013678,19.98189614
81.89980591,20.00843939
81.95023918,20.03539100
81.99990830,20.06193425
82.05034157,20.08888586
82.10001070,20.11542912
82.14967983,20.14197237
82.20011309,20.16892398
82.24978222,20.19546723
82.30021549,20.22241884
82.34988461,20.24896209
82.40031788,20.27591370
82.44998701,20.30245695
82.49965614,20.32900020
82.55008940,20.35840196
82.59975853,20.39379296
82.65019180,20.42972844
82.69986093,20.46511944
82.75029419,20.50105492
82.79996332,20.53644593
82.84963245,20.57183693
82.90006572,20.60777241
82.94973484,20.64316341
83.00016811,20.67909889
83.04983724,20.71448989
83.10027051,20.75042537
83.14993963,20.78581638
83.20037290,20.82175185
83.25004203,20.85714286
83.29971115,20.89253386
83.35014442,20.92846934
83.39981355,20.96386034
83.45024682,20.99979582
83.49991594,21.03518682
83.55034921,21.07112230
83.60001834,21.10651331
83.64968747,21.14190431
83.70012073,21.17783979
83.74978986,21.21323079
83.80022313,21.24916627
83.84989226,21.28455727
83.90032552,21.32049275
83.94999465,21.35588375
83.99966378,21.39127476
84.05009705,21.42721024
84.09976617,21.46260124
84.15019944,21.49853672
84.19986857,21.53392772
84.25030184,21.56986320
84.29997096,21.60525420
84.34964009,21.64064521
84.40007336,21.67658068
84.44974248,21.71197169
84.50017575,21.74790717
84.54984488,21.78329817
84.60027815,21.81923365
84.64994727,21.85462465
84.70038054,21.89056013
84.75004967,21.92595113
84.79971880,21.96134214
84.85015206,21.99727762
84.89982119,22.03266862
84.95025446,22.06860410
84.99992359,22.10399510
85.05035685,22.13993058
85.10002598,22.17532158
85.14969511,22.21071258
85.20012838,22.24664806
85.24979750,22.28203907
85.30023077,22.31797455
85.34989990,22.35336555
85.40033317,22.38930103
85.45000229,22.42469203
85.49967142,22.46008303
85.55010469,22.49601851
85.59977381,22.53140951
85.65020708,22.56734499
85.69987621,22.60273600
85.75030948,22.63867148
85.79997860,22.67406248
85.84964773,22.70945348
85.90008100,22.74538896
85.94975013,22.78077996
86.00018339,22.81671544
86.04985252,22.85210645
86.10028579,22.88804192
86.14995492,22.92343293
86.19962404,22.95882393
86.25005731,22.99475941
86.29972644,23.03015041
86.35015971,23.06608589
86.39982883,23.10147689
86.45026210,23.13741237
86.49993123,23.17280338
86.55036449,23.20873886
86.60003362,23.24412986
86.64970275,23.28673518
86.70013602,23.33165453
86.74980514,23.37589328
86.80023841,23.42081263
86.84990754,23.46505139
86.90034081,23.50997073
86.95000993,23.55420949
86.99967906,23.59844824
87.05011233,23.64336759
87.09978146,23.68760634
87.15021472,23.73252569
87.19988385,23.77676445
87.25031712,23.82168380
87.29998625,23.86592255
87.34965537,23.91016130
87.40008864,23.95508065
87.44975777,23.99931940
87.50019104,24.04423875
87.54986016,24.08847751
87.60029343,24.13339686
87.64996256,24.17763561
87.69963168,24.22187436
87.75006495,24.26679371
87.79973408,24.31103246
87.85016735,24.35595181
87.89983647,24.40019057
87.95026974,24.44510992
87.99993887,24.48934867
88.05037214,24.53426802
88.10004126,24.57850677
88.14971039,24.62274553
88.20014366,24.66766487
88.24981279,24.71190363
88.30024605,24.75682298
88.34991518,24.80106173
88.40034845,24.84598108
88.45001758,24.89021983
88.49968670,24.93445859
88.55011997,24.97937794
88.59978910,25.02361669
88.65022236,25.06853604
88.69989149,25.11277479
88.75032476,25.15769414
88.79999389,25.20193289
88.84966301,25.24617165
88.90009628,25.29109100
88.94976541,25.33532975
89.00019868,25.38024910
89.04986780,25.42448785
89.10030107,25.46940720
89.14997020,25.51364595
89.19963933,25.56169605
89.25007259,25.61559926
89.29974172,25.66868577
89.35017499,25.72258899
89.39984412,25.77567549
89.45027738,25.82957871
89.49994651,25.88266521
89.55037978,25.93656843
89.60004890,25.98965494
89.64971803,26.04274144
89.70015130,26.09664466
89.74982043,26.14973116
89.80025369,26.20363438
89.84992282,26.25672089
89.90035609,26.31062411
89.95002522,26.36371061
89.99969434,26.41679711
90.05012761,26.47070033
90.09979674,26.52378684
90.15023001,26.57769006
90.19989913,26.63077656
90.25033240,26.68467978
90.30000153,26.73776628
90.34967066,26.79085279
90.40010392,26.84475601
90.44977305,26.89784251
90.50020632,26.95174573
90.54987545,27.00483223
90.60030871,27.05873545
90.64997784,27.11182196
90.69964697,27.16490846
90.75008023,27.21881168
90.79974936,27.27189818
90.85018263,27.32580140
90.89985176,27.38596611
90.95028502,27.44885320
90.99995415,27.51078745
91.04962328,27.57272170
91.10005655,27.63560879
91.14972567,27.69754305
91.20015894,27.76043014
91.24982807,27.82236439
91.30026134,27.88525148
91.34993046,27.94718573
91.40036373,28.01007282
91.45003286,28.07200708
91.49970199,28.13394133
91.55013525,28.19682842
91.59980438,28.25876268
91.65023765,28.32164977
91.69990677,28.38358402
91.75034004,28.44647111
91.80000917,28.50840536
91.84967830,28.57033962
91.90011156,28.63322671
91.94978069,28.69516096
92.00021396,28.75804805
92.04988309,28.81998230
92.10031635,28.88286939
92.14998548,28.94820663
92.19965461,29.01898863
92.25008788,29.09085959
92.29975700,29.16164160
92.35019027,29.23351256
92.39985940,29.30429456
92.45029267,29.37616552
92.49996179,29.44694753
92.54963092,29.51772953
92.60006419,29.58960049
92.64973331,29.66038250
92.70016658,29.73225345
92.74983571,29.80303546
92.80026898,29.87490642
92.84993810,29.94568842
92.90037137,30.01755938
92.95004050,30.08834139
92.99970963,30.15912339
93.05014289,30.23099435
93.09981202,30.30177636
93.15024529,30.38235895
93.19991442,30.46198870
93.25034768,30.54284353
93.30001681,30.62247329
93.34968594,30.70210304
93.40011921,30.78295787
93.44978833,30.86258763
93.50022160,30.94344246
93.54989073,31.02307221
93.60032400,31.10392704
93.64999312,31.18355680
93.69966225,31.26318655
93.75009552,31.34404138
93.79976464,31.42367114
93.85019791,31.51214864
93.89986704,31.60062615
93.95030031,31.69046485
93.99996943,31.77894235
94.04963856,31.86741986
94.10007183,31.95725856
94.14974096,32.04573606
94.20017422,32.13557476
94.24984335,32.22405227
94.30027662,32.31389097
94.34994575,32.40236847
94.40037901,32.49220717
94.45004814,32.58898795
94.49971727,32.68631321
94.55015054,32.78513578
94.59981966,32.88246104
94.65025293,32.98128360
94.69992206,33.07860886
94.75035533,33.17743143
94.80002445,33.27475669
94.84969358,33.37208194
94.90012685,33.47090451
94.94979597,33.57666916
95.00022924,33.68447560
95.04989837,33.79064861
95.10033164,33.89845505
95.15000076,34.00462805
95.19966989,34.11080106
95.25010316,34.21860750
95.29977229,34.32709453
95.35020555,34.44388484
95.39987468,34.55890560
95.45030795,34.67569591
95.49997708,34.79071667
95.54964620,34.90573743
95.60007947,35.02252773
95.64974860,35.13782073
95.70018187,35.26359491
95.74985099,35.38746342
95.80028426,35.51323760
95.84995339,35.63710610
95.89962251,35.76097461
95.95005578,35.88674879
95.99972491,36.01769550
96.05015818,36.15245355
96.09982730,36.28516981
96.15026057,36.41992786
96.19992970,36.55264412
96.25036297,36.69134962
96.30003209,36.83291363
96.34970122,36.97447764
96.40013449,37.11821956
96.44980362,37.25978357
96.50023688,37.40856190
96.54990601,37.55897366
96.60033928,37.71169945
96.65000841,37.86211121
96.69967753,38.01606207
96.75011080,38.17777173
96.79977993,38.33703124
96.85021320,38.49874090
96.89988232,38.66276458
96.95031559,38.83345811
96.99998472,39.00156537
97.04965384,39.17321173
97.10008711,39.35288913
97.14975624,39.52984414
97.20018951,39.71224393
97.24985863,39.89804669
97.30029190,40.08670796
97.34996103,40.27781937
97.39963016,40.47246988
97.45006342,40.67134009
97.49973255,40.87483836
97.55016582,41.08146737
97.59983495,41.29095488
97.65026821,41.50656775
97.69993734,41.72095556
97.75037061,41.94555230
97.80003974,42.16715443
97.84970886,42.39719594
97.90014213,42.63091268
97.94981126,42.86980195
98.00024452,43.11549718
98.04991365,43.36323419
98.10034692,43.62158851
98.15001605,43.87980671
98.19968517,44.14523923
98.25011844,44.42115293
98.29978757,44.69801947
98.35022084,44.98550330
98.39988996,45.27639012
98.45032323,45.57871095
98.49999236,45.88525148
98.54966149,46.20023140
98.60009475,46.53032056
98.64976388,46.86653508
98.70019715,47.22071735
98.74986628,47.58293065
98.80029954,47.96474512
98.84996867,48.35377391
98.89963780,48.75600626
98.95007107,49.17960934
98.99974019,49.61328524
99.05017346,50.07227932
99.09984259,50.54964949
99.15027585,51.05424352
99.19994498,51.57857483
99.25037825,52.13775267
99.30004738,52.71639556
99.34971650,53.32838767
99.40014977,53.98761315
99.44981890,54.67869053
99.50025217,55.43061322
99.54992129,56.24093106
99.60035456,57.14380998
99.65002369,58.12482134
99.69969282,59.21949228
99.75012608,60.49261553
99.79979521,61.94922752
99.85022848,63.68502008
99.89989761,65.82848976
99.95033087,69.02538624
100.00000000,100.00000000
